wilaya_code,wilaya_name,population_2024,area_km2,urbanization_rate,density_per_km2
16,Alger,3500000,1190,0.95,2941.176470588235
31,Oran,1500000,2114,0.85,709.5553453169347
25,Constantine,1000000,2187,0.8,457.2473708276177
06,Béjaïa,950000,3268,0.65,290.69767441860466
19,Sétif,1600000,6504,0.7,246.00246002460025
